{"count":1,"self":20.2948272,"total":23.539018199999997,"children":{"AgentResetIfDone":{"count":2335,"self":0.0069833,"total":0.0069833,"children":null},"AgentSendState":{"count":2335,"self":0.028934099999999997,"total":0.1039542,"children":{"CollectObservations":{"count":2335,"self":0.075020099999999992,"total":0.075020099999999992,"children":null}}},"DecideAction":{"count":2335,"self":3.0324326,"total":3.0324326,"children":null},"AcademyStep":{"count":2335,"self":0.0040195,"total":0.0040195,"children":null},"AgentAct":{"count":2335,"self":0.09680069999999999,"total":0.09680069999999999,"children":null}}}